geography,year,dataset,geoid,county_name,state_fips,county_fips,total_population_est,total_households_est,median_household_income_est,per_capita_income_est,poverty_universe_est,below_poverty_est,housing_units_est,occupancy_universe_est,occupied_units_est,vacant_units_est,tenure_universe_est,owner_occupied_est,renter_occupied_est,median_home_value_est,median_gross_rent_est,mortgage_status_universe_est,with_mortgage_est,without_mortgage_est,median_owner_cost_with_mortgage_est,median_owner_cost_without_mortgage_est,rent_pct_income_universe_est,rent_30_34_est,rent_35_39_est,rent_40_49_est,rent_50p_est,mortgage_pct_income_universe_est,mortgage_30_34_est,mortgage_35_39_est,mortgage_40_49_est,mortgage_50p_est,total_population_moe,total_households_moe,median_household_income_moe,per_capita_income_moe,poverty_universe_moe,below_poverty_moe,housing_units_moe,occupancy_universe_moe,occupied_units_moe,vacant_units_moe,tenure_universe_moe,owner_occupied_moe,renter_occupied_moe,median_home_value_moe,median_gross_rent_moe,mortgage_status_universe_moe,with_mortgage_moe,without_mortgage_moe,median_owner_cost_with_mortgage_moe,median_owner_cost_without_mortgage_moe,rent_pct_income_universe_moe,rent_30_34_moe,rent_35_39_moe,rent_40_49_moe,rent_50p_moe,mortgage_pct_income_universe_moe,mortgage_30_34_moe,mortgage_35_39_moe,mortgage_40_49_moe,mortgage_50p_moe,poverty_rate,owner_rate,renter_rate,vacant_units,vacancy_rate,affordable_monthly_30pct_income,rent_pressure,mortgage_share,owner_cost_pressure_with_mortgage,owner_cost_pressure_without_mortgage,rent_burden_30p,rent_burden_50p,mortgage_burden_30p,mortgage_burden_50p
county,2020,acs5,25001,"Barnstable County, Massachusetts",25,001,213505,95859,76863,47315,210734,14176,164064,164064,95859,68205,95859,76319,19540,414000,1362,76319,47114,29205,2015,739,19540,1954,1318,1688,5050,47114,3652,3489,3135,7298,,1505,1835,1127,404,1282,136,136,1505,1499,1505,1281,1192,6024,40,1281,1243,995,38,14,1192,441,275,361,498,1243,454,426,353,560,0.067270,0.796159,0.203841,68205,0.415722,1921.57,0.708794,0.617330,1.048619,0.384580,0.512282,0.258444,0.373010,0.154901
county,2020,acs5,25007,"Dukes County, Massachusetts",25,007,17430,6887,77318,43994,17279,1291,18030,18030,6887,11143,6887,4990,1897,794000,1589,4990,2659,2331,2623,1017,1897,142,111,134,485,2659,217,207,381,699,,542,11503,3968,33,369,51,51,542,542,542,404,350,50071,219,404,346,340,231,94,350,92,74,101,195,346,117,115,168,197,0.074715,0.724554,0.275446,11143,0.618026,1932.95,0.822060,0.532866,1.356993,0.526139,0.459673,0.255667,0.565626,0.262881
county,2020,acs5,25013,"Hampden County, Massachusetts",25,013,466647,180492,57623,31483,452156,71113,193713,193713,180492,13221,180492,111246,69246,216100,920,111246,72827,38419,1622,663,69246,6882,4988,5910,17116,72827,5204,2994,4205,7998,,888,1342,563,773,3004,341,341,888,823,888,1680,1488,2483,14,1680,1654,1154,18,10,1488,782,649,587,967,1654,565,459,602,679,0.157275,0.616349,0.383651,13221,0.068250,1440.57,0.638634,0.654648,1.125939,0.460233,0.503942,0.247177,0.280130,0.109822
county,2020,acs5,25019,"Nantucket County, Massachusetts",25,019,11212,3709,112306,57246,11090,700,12498,12498,3709,8789,3709,2563,1146,1117300,1781,2563,1619,944,3407,893,1146,67,68,86,218,1619,176,120,171,331,,317,10162,5723,54,204,47,47,317,318,317,240,250,70758,110,240,236,125,208,116,250,59,83,59,114,236,96,89,84,133,0.063120,0.691022,0.308978,8789,0.703233,2807.65,0.634338,0.631682,1.213470,0.318060,0.383072,0.190227,0.492897,0.204447
county,2020,acs5,25003,"Berkshire County, Massachusetts",25,003,125927,54786,62166,37025,119537,11627,69149,69149,54786,14363,54786,38359,16427,221000,894,38359,23609,14750,1495,633,16427,1815,1047,1494,3356,23609,1704,903,1439,2766,,750,2305,996,439,1157,232,232,750,680,750,732,766,5633,26,732,733,642,31,16,766,327,300,313,414,733,248,163,270,345,0.097267,0.700161,0.299839,14363,0.207711,1554.15,0.575234,0.615475,0.961941,0.407297,0.469471,0.204298,0.288534,0.117159
county,2020,acs5,25005,"Bristol County, Massachusetts",25,005,563301,220365,71450,36900,548482,58446,236043,236043,220365,15678,220365,138424,81941,317800,934,138424,91959,46465,1997,707,81941,7519,4848,6615,17311,91959,6729,3811,4373,9990,,1190,1420,587,942,2961,328,328,1190,1106,1190,1940,1691,3343,10,1940,1864,1485,21,12,1691,753,613,729,950,1864,560,528,515,742,0.106560,0.628158,0.371842,15678,0.066420,1786.25,0.522883,0.664328,1.117985,0.395801,0.442916,0.211262,0.270805,0.108635
county,2020,acs5,25009,"Essex County, Massachusetts",25,009,787038,297254,82225,43948,770223,78089,313956,313956,297254,16702,297254,189708,107546,436600,1298,189708,135177,54531,2399,886,107546,10244,6564,9759,28583,135177,10742,7258,8340,16566,,1115,1120,576,984,3470,421,421,1115,1062,1115,1962,2024,3401,21,1962,2039,1537,19,10,2024,927,640,723,1243,2039,740,662,688,1110,0.101385,0.638202,0.361798,16702,0.053199,2055.62,0.631438,0.712553,1.167042,0.431012,0.512804,0.265775,0.317406,0.122550
county,2020,acs5,25011,"Franklin County, Massachusetts",25,011,70529,30790,61198,35919,69454,7286,34164,34164,30790,3374,30790,21256,9534,239900,959,21256,13380,7876,1634,662,9534,848,534,883,2342,13380,990,758,820,1923,,338,1823,942,175,887,115,115,338,311,338,490,494,4478,35,490,504,423,34,18,494,179,167,226,379,504,231,168,182,250,0.104904,0.690354,0.309646,3374,0.098759,1529.95,0.626818,0.629469,1.068009,0.432694,0.483218,0.245647,0.335650,0.143722
county,2020,acs5,25015,"Hampshire County, Massachusetts",25,015,161361,59607,73518,36600,138291,14691,64114,64114,59607,4507,59607,40466,19141,289300,1095,40466,25384,15082,1867,739,19141,1706,1149,1771,5048,25384,1741,1638,1640,2439,,672,2175,1406,954,1231,419,419,672,551,672,812,805,4361,40,812,864,664,38,16,805,293,242,380,675,864,292,360,364,341,0.106233,0.678880,0.321120,4507,0.070297,1837.95,0.595772,0.627292,1.015806,0.402078,0.505407,0.263727,0.293807,0.096084
county,2020,acs5,25017,"Middlesex County, Massachusetts",25,017,1605899,611850,106202,54433,1550934,112373,641278,641278,611850,29428,611850,380079,231771,540300,1714,380079,260943,119136,2671,976,231771,20841,13310,17753,46585,260943,18111,12057,13334,27848,,1348,1144,526,1418,4761,560,560,1348,1395,1348,2685,2629,3956,14,2685,3110,2221,18,11,2629,1389,1011,1054,1882,3110,1022,801,846,1305,0.072455,0.621196,0.378804,29428,0.045890,2655.05,0.645562,0.686549,1.006007,0.367601,0.424941,0.200996,0.273431,0.106721
county,2020,acs5,25021,"Norfolk County, Massachusetts",25,021,703740,267967,105320,55860,685820,41067,280180,280180,267967,12213,267967,184436,83531,491000,1682,184436,127621,56815,2624,986,83531,8964,4732,6448,18527,127621,10055,6109,7551,13290,,936,1736,780,823,2425,283,283,936,887,936,1591,1623,3543,24,1591,1707,1314,29,16,1623,849,641,538,1207,1707,870,679,821,901,0.059880,0.688279,0.311721,12213,0.043590,2633.00,0.638815,0.691953,0.996582,0.374478,0.462954,0.221798,0.289960,0.104136
county,2020,acs5,25023,"Plymouth County, Massachusetts",25,023,518597,190355,92906,45378,507382,33757,208056,208056,190355,17701,190355,146967,43388,386600,1324,146967,105537,41430,2308,866,43388,3447,3445,3270,10364,105537,8817,5602,6660,12936,,1072,2042,872,848,2320,369,369,1072,985,1072,1818,1784,3539,33,1818,1905,1203,23,15,1784,470,526,497,953,1905,861,597,735,827,0.066532,0.772068,0.227932,17701,0.085078,2322.65,0.570039,0.718100,0.993693,0.372850,0.473080,0.238868,0.322304,0.122573
county,2020,acs5,25025,"Suffolk County, Massachusetts",25,025,801162,312978,74881,44723,757069,131619,341231,341231,312978,28253,312978,113736,199242,547300,1657,113736,80394,33342,2451,836,199242,17646,12279,14384,49355,80394,6115,3990,5086,11636,,1524,1408,629,2232,4415,764,764,1524,1318,1524,1806,1922,7121,20,1806,1875,1154,29,23,1922,880,964,1101,1867,1875,556,585,545,887,0.173853,0.363399,0.636601,28253,0.082797,1872.02,0.885138,0.706847,1.309277,0.446575,0.470102,0.247714,0.333694,0.144737
county,2020,acs5,25027,"Worcester County, Massachusetts",25,027,826655,314081,77155,39113,798878,77219,336533,336533,314081,22452,314081,206343,107738,295300,1074,206343,144725,61618,1971,756,107738,10025,6679,8496,22825,144725,10671,6042,7123,13949,,1269,994,443,1348,3827,508,508,1269,1186,1269,1927,1889,2288,13,1927,1776,1619,17,10,1889,889,785,942,1071,1776,916,680,619,909,0.096659,0.656974,0.343026,22452,0.066716,1928.88,0.556801,0.701381,1.021839,0.391938,0.445757,0.211857,0.261081,0.096383
county,2021,acs1,25003,"Berkshire County, Massachusetts",25,003,128657,57765,60749,43115,122800,11976,69985,69985,57765,12220,57765,40501,17264,260000,948,40501,24703,15798,1601,683,17264,1354,1665,1308,4420,24703,1693,1081,2095,3347,,1674,2541,3355,1040,2667,595,595,1674,1599,1674,1937,1884,11970,91,1937,1928,1427,70,30,1884,622,782,678,1489,1928,570,664,759,877,0.097524,0.701134,0.298866,12220,0.174609,1518.73,0.624208,0.609936,1.054174,0.449719,0.506661,0.256024,0.332591,0.135490
county,2021,acs1,25009,"Essex County, Massachusetts",25,009,807074,309972,87433,45781,791796,75021,328553,328553,309972,18581,309972,201695,108277,529400,1458,201695,140447,61248,2469,905,108277,10453,6755,9600,31605,140447,9498,7595,8928,21649,,2203,2530,1132,1737,7907,768,768,2203,2382,2203,4097,4061,10117,44,4097,4010,3045,42,28,4061,2088,1447,1540,3037,4010,1553,1596,1427,2671,0.094748,0.650688,0.349312,18581,0.056554,2185.82,0.667025,0.696334,1.129551,0.414031,0.539477,0.291890,0.339416,0.154144
county,2021,acs1,25015,"Hampshire County, Massachusetts",25,015,161572,60870,77495,39501,137662,16270,66605,66605,60870,5735,60870,41492,19378,344000,1303,41492,25297,16195,1968,734,19378,2926,1558,1359,3858,25297,1507,645,1468,3249,,1574,5942,2049,2083,2866,891,891,1574,1281,1574,1831,1896,11561,85,1831,1718,1593,90,41,1896,820,780,704,1050,1718,537,420,633,847,0.118188,0.681649,0.318351,5735,0.086105,1937.38,0.672560,0.609684,1.015807,0.378863,0.500619,0.199092,0.271534,0.128434
county,2021,acs1,25021,"Norfolk County, Massachusetts",25,021,724505,280067,115357,62971,707454,48720,293466,293466,280067,13399,280067,191602,88465,602600,1823,191602,129748,61854,2714,1047,88465,7524,4554,6004,23248,129748,8201,4921,7555,14653,,2344,3883,1788,1782,6151,640,640,2344,2274,2344,3665,3898,11079,42,3665,3517,2758,52,34,3898,1414,1214,1566,2948,3517,1639,1163,1547,1946,0.068867,0.684129,0.315871,13399,0.045658,2883.92,0.632125,0.677175,0.941079,0.363047,0.467190,0.262793,0.272297,0.112934
county,2021,acs1,25001,"Barnstable County, Massachusetts",25,001,232411,104733,83537,52113,229562,17066,165542,165542,104733,60809,104733,86167,18566,500800,1470,86167,52604,33563,2048,787,18566,1385,1273,1859,5299,52604,3598,3020,3984,9062,,3422,3303,2245,989,3202,433,433,3422,3421,3422,3029,2203,18009,116,3029,3167,2141,82,32,2203,645,662,734,1384,3167,933,866,1244,1455,0.074342,0.822730,0.177270,60809,0.367333,2088.42,0.703880,0.610489,0.980643,0.376839,0.528708,0.285414,0.373812,0.172268
county,2021,acs1,25005,"Bristol County, Massachusetts",25,005,580164,233531,73102,38617,565927,68147,244229,244229,233531,10698,233531,144141,89390,391300,1031,144141,98418,45723,2068,762,89390,8438,5912,6174,22376,98418,7754,4152,6396,11714,,2460,4617,1290,2101,7199,805,805,2460,2302,2460,3805,3915,6921,36,3805,3715,3482,46,20,3915,1750,1394,1374,2484,3715,1490,1173,1432,1902,0.120417,0.617224,0.382776,10698,0.043803,1827.55,0.564143,0.682790,1.131570,0.416952,0.479919,0.250319,0.304985,0.119023
county,2021,acs1,25011,"Franklin County, Massachusetts",25,011,71015,30374,69771,38146,69734,6945,34439,34439,30374,4065,30374,21705,8669,286000,1048,21705,13323,8382,1686,645,8669,799,473,838,1993,13323,812,552,1136,1595,,940,4344,1795,594,1803,383,383,940,897,940,1144,1212,14950,88,1144,1200,855,93,23,1212,434,275,446,735,1200,357,245,547,492,0.099593,0.714591,0.285409,4065,0.118035,1744.27,0.600823,0.613822,0.966591,0.369781,0.473296,0.229900,0.307363,0.119718
county,2021,acs1,25013,"Hampden County, Massachusetts",25,013,462718,184544,61747,33311,448892,77756,197311,197311,184544,12767,184544,113645,70899,259100,999,113645,75460,38185,1650,707,70899,5605,4174,4729,18540,75460,6046,4228,5484,9441,,2205,2198,1133,2051,6239,928,928,2205,2089,2205,3541,3436,6162,56,3541,3254,2679,36,25,3436,1384,1393,1338,2299,3254,1233,1088,1420,1565,0.173218,0.615815,0.384185,12767,0.064705,1543.67,0.647157,0.663998,1.068878,0.457998,0.466128,0.261499,0.333939,0.125113
county,2021,acs1,25017,"Middlesex County, Massachusetts",25,017,1614742,632831,112764,60478,1558222,120637,663629,663629,632831,30798,632831,393249,239582,640500,1874,393249,269747,123502,2761,1031,239582,19312,16109,20291,51431,269747,16233,13153,12884,31992,,3283,2647,913,4058,9553,1628,1628,3283,2957,3283,6736,6410,6304,33,6736,6940,4311,40,24,6410,2673,2513,2808,4525,6940,1941,1983,1850,3148,0.077420,0.621412,0.378588,30798,0.046408,2819.10,0.664751,0.685945,0.979391,0.365720,0.447208,0.214670,0.275302,0.118600
county,2021,acs1,25023,"Plymouth County, Massachusetts",25,023,533003,202084,100082,50934,521122,37381,216253,216253,202084,14169,202084,160130,41954,470500,1433,160130,111697,48433,2356,900,41954,3662,4220,4617,11229,111697,6870,5206,6325,12984,,2543,3319,1810,2893,5612,1085,1085,2543,2371,2543,3893,3574,8326,79,3893,3927,3035,42,31,3574,1020,1249,1252,2132,3927,1390,1188,1523,1775,0.071732,0.792393,0.207607,14169,0.065520,2502.05,0.572730,0.697539,0.941628,0.359705,0.565572,0.267650,0.280983,0.116243
county,2021,acs1,25025,"Suffolk County, Massachusetts",25,025,771245,315257,78155,48030,725600,135921,353845,353845,315257,38588,315257,114409,200848,636800,1788,114409,81599,32810,2546,846,200848,20671,13903,15638,51618,81599,4786,5161,5242,13639,,4266,3900,1809,4485,9886,2036,2036,4266,4036,4266,4650,5302,15174,39,4650,4052,2728,101,40,5302,2677,2139,2413,3714,4052,1249,1229,1499,1884,0.187322,0.362907,0.637093,38588,0.109053,1953.88,0.915105,0.713222,1.303052,0.432986,0.507000,0.257000,0.353289,0.167147
county,2021,acs1,25027,"Worcester County, Massachusetts",25,027,862029,333435,84952,41994,834498,83039,353841,353841,333435,20406,333435,223389,110046,365700,1197,223389,155260,68129,2019,795,110046,10319,6576,10372,24508,155260,9559,6314,6784,15857,,3137,2579,1027,3083,8818,1198,1198,3137,2789,3137,4742,4603,5075,35,4742,4821,3614,41,17,4603,2076,1608,1949,2976,4821,1394,1282,1363,2179,0.099508,0.669963,0.330037,20406,0.057670,2123.80,0.563612,0.695021,0.950654,0.374329,0.470485,0.222707,0.248061,0.102132
county,2022,acs1,25001,"Barnstable County, Massachusetts",25,001,232457,107187,91438,60367,229118,15801,166131,166131,107187,58944,107187,88065,19122,631000,1573,88065,48582,39483,2299,903,19122,2168,1017,1287,5744,48582,3284,2492,3035,9352,,4105,6454,3546,805,3448,36,36,4105,4108,4105,3527,2409,18115,131,3527,3500,3149,89,43,2409,733,533,796,1286,3500,952,862,894,1732,0.068964,0.821602,0.178398,58944,0.354804,2285.95,0.688117,0.551661,1.005709,0.395022,0.534254,0.300387,0.373863,0.192499
county,2022,acs1,25003,"Berkshire County, Massachusetts",25,003,127859,58370,74176,48913,122768,14579,70149,70149,58370,11779,58370,40855,17515,307800,968,40855,24695,16160,1681,718,17515,1228,1761,522,4421,24695,1574,963,1006,3753,,1656,7878,3937,299,3187,63,63,1656,1642,1656,1788,2048,14039,80,1788,1874,1671,67,58,2048,720,1104,334,1192,1874,579,443,413,987,0.118752,0.699931,0.300069,11779,0.167914,1854.40,0.522002,0.604455,0.906493,0.387187,0.452869,0.252412,0.295444,0.151974
county,2022,acs1,25005,"Bristol County, Massachusetts",25,005,580068,233194,81551,42776,567218,65011,245044,245044,233194,11850,233194,144202,88992,432000,1125,144202,93808,50394,2177,796,88992,9241,4868,6516,20688,93808,5707,4296,5203,11401,,2272,4604,1237,1176,6727,127,127,2272,2285,2272,4640,4552,6826,35,4640,4078,3227,46,22,4552,1788,1254,1448,2730,4078,1325,1266,1203,1794,0.114614,0.618378,0.381622,11850,0.048359,2038.77,0.551802,0.650532,1.067798,0.390431,0.464233,0.232470,0.283633,0.121535
county,2022,acs1,25009,"Essex County, Massachusetts",25,009,806765,314003,92413,51246,790349,77078,330161,330161,314003,16158,314003,201088,112915,580800,1694,201088,140540,60548,2598,987,112915,9839,7361,12921,32886,140540,11097,6988,9460,19680,,2654,3064,1189,1261,6976,167,167,2654,2696,2654,4147,4255,11131,46,4147,4754,3532,53,27,4255,1869,1256,2246,3252,4754,2123,1551,1524,2654,0.097524,0.640402,0.359598,16158,0.048940,2310.32,0.733230,0.698898,1.124517,0.427213,0.558004,0.291246,0.336025,0.140031
county,2022,acs1,25011,"Franklin County, Massachusetts",25,011,70894,32142,70306,37663,69809,10677,34488,34488,32142,2346,32142,22735,9407,301700,998,22735,13480,9255,1697,745,9407,869,373,778,2844,13480,1035,429,1006,1721,,829,8014,1967,534,2161,56,56,829,832,829,1052,1016,13236,102,1052,1270,935,101,46,1016,371,199,356,815,1270,431,237,415,480,0.152946,0.707330,0.292670,2346,0.068024,1757.65,0.567804,0.592918,0.965494,0.423861,0.517062,0.302328,0.310905,0.127671
county,2022,acs1,25013,"Hampden County, Massachusetts",25,013,461041,183441,63866,34290,449419,76806,197474,197474,183441,14033,183441,112973,70468,282100,1012,112973,72470,40503,1773,755,70468,6954,3443,6112,21482,72470,5986,4231,5112,9703,,2219,2496,1079,1028,7982,156,156,2219,2231,2219,3877,3821,5331,49,3877,3769,2572,49,30,3821,1778,1107,1700,2604,3769,1431,1272,1308,1714,0.170901,0.615855,0.384145,14033,0.071063,1596.65,0.633827,0.641481,1.110450,0.472865,0.539124,0.304848,0.345412,0.133890
county,2022,acs1,25015,"Hampshire County, Massachusetts",25,015,162588,62178,82078,41595,140559,16402,66989,66989,62178,4811,62178,41755,20423,370600,1313,41755,24896,16859,2144,846,20423,1636,750,1631,6553,24896,1353,1163,1927,2410,,1471,4571,2692,720,2752,210,210,1471,1456,1471,1709,1941,8795,112,1709,1811,1532,82,48,1941,589,389,755,1354,1811,499,631,813,748,0.116691,0.671540,0.328460,4811,0.071818,2051.95,0.639879,0.596240,1.044860,0.412291,0.517554,0.320864,0.275265,0.096803
county,2022,acs1,25017,"Middlesex County, Massachusetts",25,017,1617105,638217,118800,64775,1563563,127797,667964,667964,638217,29747,638217,392209,246008,690800,1997,392209,253590,138619,2929,1116,246008,23932,14700,21805,55358,253590,14255,10305,13606,29380,,3651,2672,1402,1086,10020,250,250,3651,3660,3651,6485,6100,8092,40,6485,7059,5070,42,23,6100,3018,1733,3061,4078,7059,2126,1714,2079,3224,0.081734,0.614539,0.385461,29747,0.044534,2970.00,0.672391,0.646569,0.986195,0.375758,0.470696,0.225025,0.266359,0.115856
county,2022,acs1,25021,"Norfolk County, Massachusetts",25,021,725531,281839,115969,66166,709846,46042,295728,295728,281839,13889,281839,194662,87177,651000,1957,194662,129031,65631,2935,1112,87177,7608,5604,8684,23492,129031,8171,5694,7343,16282,,2569,4724,2073,773,5690,154,154,2569,2556,2569,4462,4185,11038,60,4462,4105,3505,62,45,4185,1561,1487,2088,2743,4105,1566,1416,1557,2178,0.064862,0.690685,0.309315,13889,0.046965,2899.22,0.675008,0.662846,1.012340,0.383551,0.520642,0.269475,0.290550,0.126187
county,2022,acs1,25023,"Plymouth County, Massachusetts",25,023,533069,205217,103173,54163,523987,39306,218625,218625,205217,13408,205217,157615,47602,542500,1632,157615,105665,51950,2606,1010,47602,5559,3122,3404,13521,105665,7373,6093,5609,14999,,2265,3893,2344,809,5856,110,110,2265,2263,2265,4073,3682,17323,63,4073,3660,3472,59,46,3682,1607,1198,1110,2455,3660,1421,1477,1412,2253,0.075013,0.768041,0.231959,13408,0.061329,2579.32,0.632724,0.670399,1.010342,0.391575,0.537919,0.284043,0.322472,0.141949
county,2022,acs1,25025,"Suffolk County, Massachusetts",25,025,766381,330101,85358,55328,724123,118711,357351,357351,330101,27250,330101,119119,210982,669800,1941,119119,81348,37771,2777,1007,210982,20029,16665,17763,53408,81348,4810,3316,4147,13682,,3236,3286,2113,1112,7744,361,361,3236,3233,3236,5120,5873,13529,56,5120,4689,2841,75,70,5873,2933,2377,2367,4212,4689,1144,1111,1232,2063,0.163938,0.360856,0.639144,27250,0.076256,2133.95,0.909581,0.682914,1.301343,0.471895,0.511252,0.253140,0.319061,0.168191
county,2022,acs1,25027,"Worcester County, Massachusetts",25,027,862927,338087,86258,44812,837973,89192,355687,355687,338087,17600,338087,215023,123064,393800,1323,215023,145188,69835,2158,862,123064,11625,6676,11434,31858,145188,9163,5971,8626,16142,,2709,2877,1235,1042,7353,222,222,2709,2695,2709,4761,4584,6290,39,4761,4724,3000,39,28,4584,2138,1552,2196,3001,4724,1409,1422,1288,2353,0.106438,0.635999,0.364001,17600,0.049482,2156.45,0.613508,0.675221,1.000719,0.399731,0.500496,0.258873,0.274830,0.111180
county,2023,acs1,25001,"Barnstable County, Massachusetts",25,001,231735,109475,89893,61307,229604,19463,166909,166909,109475,57434,109475,85922,23553,634700,1604,85922,50151,35771,2404,916,23553,1376,2069,2483,6670,50151,3943,2629,4008,8007,,3630,3937,3531,95,4312,65,65,3630,3642,3630,3362,2619,19446,114,3362,3402,2674,97,57,2619,752,1057,1030,1741,3402,1118,843,1100,1744,0.084768,0.784855,0.215145,57434,0.344104,2247.32,0.713737,0.583681,1.069716,0.407596,0.534879,0.283191,0.370621,0.159658
county,2023,acs1,25003,"Berkshire County, Massachusetts",25,003,126818,58807,77498,47845,121238,14886,70074,70074,58807,11267,58807,40464,18343,298200,1074,40464,23814,16650,1797,821,18343,1833,2048,2448,3551,23814,1298,1000,1200,2941,,1977,7229,2921,754,3179,82,82,1977,1990,1977,2116,2181,17455,94,2116,2223,1603,126,47,2181,753,1052,994,1137,2223,553,454,431,876,0.122783,0.688081,0.311919,11267,0.160787,1937.45,0.554337,0.588523,0.927508,0.423753,0.538625,0.193589,0.270387,0.123499
county,2023,acs1,25005,"Bristol County, Massachusetts",25,005,581841,233990,81148,42385,569062,73897,245727,245727,233990,11737,233990,144367,89623,459700,1269,144367,94049,50318,2296,867,89623,8154,5410,6231,25825,94049,8409,4975,5657,11197,,2493,2111,1182,556,7086,82,82,2493,2489,2493,4141,3951,7872,50,4141,4456,3101,52,23,3951,1544,1446,1355,2910,4456,1619,1345,1674,2142,0.129858,0.616979,0.383021,11737,0.047764,2028.70,0.625524,0.651458,1.131759,0.427367,0.509021,0.288151,0.321513,0.119055
county,2023,acs1,25009,"Essex County, Massachusetts",25,009,810089,313787,96874,51263,795136,74879,330832,330832,313787,17045,313787,200210,113577,624700,1726,200210,140503,59707,2759,1073,113577,11506,8133,9985,34153,140503,10783,7301,8871,20010,,2856,3764,1501,663,8596,99,99,2856,2865,2856,4822,4979,9058,44,4822,5079,3320,54,38,4979,2251,1650,2067,3723,5079,1861,1205,1757,2690,0.094171,0.638044,0.361956,17045,0.051522,2421.85,0.712678,0.701778,1.139212,0.443050,0.561531,0.300703,0.334263,0.142417
county,2023,acs1,25011,"Franklin County, Massachusetts",25,011,70836,32430,71296,42160,70045,8382,34560,34560,32430,2130,32430,22130,10300,329300,1164,22130,12721,9409,1793,812,10300,498,884,726,3575,12721,1082,578,670,1495,,738,4373,2352,125,1497,44,44,738,740,738,1172,1057,9607,126,1172,1169,974,130,60,1057,268,483,484,854,1169,592,240,328,490,0.119666,0.682393,0.317607,2130,0.061632,1782.40,0.653052,0.574831,1.005947,0.455566,0.551748,0.347087,0.300684,0.117522
county,2023,acs1,25013,"Hampden County, Massachusetts",25,013,460291,184698,66997,37635,448227,79995,197644,197644,184698,12946,184698,115079,69619,302100,1136,115079,71388,43691,1926,830,69619,7591,4358,5601,17819,71388,6049,3657,3720,10272,,2296,4435,1834,1191,7522,102,102,2296,2315,2296,3731,3994,7268,48,3731,3619,2822,47,35,3994,1681,1275,1622,2651,3619,1474,1204,1190,2058,0.178470,0.623066,0.376934,12946,0.065502,1674.92,0.678239,0.620339,1.149902,0.495545,0.508037,0.255950,0.331961,0.143890
county,2023,acs1,25015,"Hampshire County, Massachusetts",25,015,162502,61802,79969,43499,140376,17319,67130,67130,61802,5328,61802,40448,21354,380800,1355,40448,23380,17068,2048,938,21354,1488,906,1476,5822,23380,1782,1500,1398,1841,,1787,6752,2701,314,3164,77,77,1787,1795,1787,2071,2174,13998,77,2071,2041,1497,123,58,2174,925,550,695,1502,2041,670,647,707,487,0.123376,0.654477,0.345523,5328,0.079368,1999.23,0.677763,0.578026,1.024397,0.469182,0.453873,0.272642,0.278914,0.078743
county,2023,acs1,25017,"Middlesex County, Massachusetts",25,017,1623952,632721,123705,67183,1570615,120380,666703,666703,632721,33982,632721,388553,244168,716100,2193,388553,259030,129523,3086,1176,244168,20755,16207,19364,58535,259030,16959,10974,14875,28185,,4250,3005,1078,972,9474,261,261,4250,4341,4250,5498,5930,8436,43,5498,5560,5092,52,28,5930,2449,2300,2198,4395,5560,2159,1621,2116,2874,0.076645,0.614098,0.385902,33982,0.050970,3092.62,0.709106,0.666653,0.997858,0.380259,0.470418,0.239732,0.274073,0.108810
county,2023,acs1,25021,"Norfolk County, Massachusetts",25,021,727473,286649,123903,68447,711532,55843,297313,297313,286649,10664,286649,195314,91335,686500,2081,195314,132485,62829,3038,1180,91335,8015,3794,7819,24195,132485,7088,6247,8188,16032,,2138,4251,1976,669,7084,131,131,2138,2162,2138,4658,4319,10952,74,4658,4666,3480,79,40,4319,1807,990,1961,3113,4666,1219,1419,1527,2249,0.078483,0.681370,0.318630,10664,0.035868,3097.58,0.671816,0.678318,0.980767,0.380943,0.479805,0.264904,0.283466,0.121010
county,2023,acs1,25023,"Plymouth County, Massachusetts",25,023,535308,203356,108742,55037,525165,40418,219732,219732,203356,16376,203356,158639,44717,568500,1762,158639,108140,50499,2715,1058,44717,2985,3418,4771,13841,108140,9697,5367,5122,15165,,2824,4441,1693,777,6457,78,78,2824,2819,2824,4201,3571,14401,77,4201,4326,2774,66,45,3571,1038,1286,1326,2391,4326,1598,1370,1021,2262,0.076962,0.780105,0.219895,16376,0.074527,2718.55,0.648140,0.681673,0.998694,0.389178,0.559407,0.309524,0.326900,0.140235
county,2023,acs1,25025,"Suffolk County, Massachusetts",25,025,768425,332924,93360,58662,723321,108444,361135,361135,332924,28211,332924,122262,210662,683900,2114,122262,84348,37914,2794,1052,210662,18485,14426,17523,53322,84348,6540,5026,4042,11809,,3370,4590,1745,1635,8648,330,330,3370,3406,3370,4383,4492,14206,52,4383,3898,2928,65,39,4492,2504,2369,2760,4101,3898,1586,1319,1132,1685,0.149925,0.367237,0.632763,28211,0.078118,2334.00,0.905741,0.689895,1.197087,0.450728,0.492524,0.253116,0.325046,0.140003
county,2023,acs1,25027,"Worcester County, Massachusetts",25,027,866866,336660,94099,48086,841009,92382,357234,357234,336660,20574,336660,220619,116041,433900,1449,220619,152584,68035,2329,962,116041,10537,8820,11274,27553,152584,12387,7178,8819,16954,,3316,3131,1418,887,8760,149,149,3316,3335,3316,4410,4987,7510,41,4410,4886,3491,46,33,4987,1811,1965,2091,3027,4886,1926,1536,1721,2535,0.109847,0.655317,0.344683,20574,0.057593,2352.47,0.615947,0.691618,0.990021,0.408931,0.501409,0.237442,0.297135,0.111113
county,2024,acs1,25001,"Barnstable County, Massachusetts",25,001,232570,112945,87925,61019,229900,18866,167403,167403,112945,54458,112945,91941,21004,692900,1577,91941,50761,41180,2443,972,21004,2127,1157,2208,5071,50761,3370,2982,3871,9532,,3901,5350,3145,395,4439,38,38,3901,3900,3901,3380,3089,16847,196,3380,3606,2734,104,58,3089,1130,714,1290,1652,3606,953,1282,1356,2172,0.082062,0.814033,0.185967,54458,0.325311,2198.12,0.717430,0.552104,1.111402,0.442195,0.502904,0.241430,0.389177,0.187782
county,2024,acs1,25003,"Berkshire County, Massachusetts",25,003,128726,59606,77682,48158,123467,13210,70205,70205,59606,10599,59606,41972,17634,325700,1102,41972,24465,17507,1821,858,17634,1866,498,2321,3486,24465,1906,1248,688,3081,,1379,6035,2996,374,2631,103,103,1379,1385,1379,2094,2116,13890,123,2094,2117,1654,80,48,2116,690,485,915,1165,2117,749,499,357,946,0.106992,0.704157,0.295843,10599,0.150972,1942.05,0.567442,0.582889,0.937669,0.441801,0.463366,0.197686,0.282976,0.125935
county,2024,acs1,25005,"Bristol County, Massachusetts",25,005,588593,234865,81882,44065,576026,57760,246320,246320,234865,11455,234865,149310,85555,504900,1354,149310,97598,51712,2437,911,85555,8175,6839,8996,21663,97598,7601,4404,5725,14464,,2321,4003,1133,763,7228,96,96,2321,2328,2321,3989,3617,16197,56,3989,4354,3252,55,28,3617,1769,1606,1981,3016,4354,1630,1112,1216,2137,0.100273,0.635727,0.364273,11455,0.046505,2047.05,0.661440,0.653660,1.190494,0.445031,0.533844,0.253206,0.329863,0.148200
county,2024,acs1,25009,"Essex County, Massachusetts",25,009,823938,314816,103048,54727,807471,74653,332075,332075,314816,17259,314816,196608,118208,654500,1855,196608,137855,58753,2871,1153,118208,13440,6834,10428,34137,137855,10046,6466,7700,19424,,2768,4431,1695,849,8522,80,80,2768,2773,2768,4445,4509,8620,55,4445,4807,2747,61,34,4509,2054,1727,2243,3472,4807,2060,1372,1826,2311,0.092453,0.624517,0.375483,17259,0.051973,2576.20,0.720053,0.701167,1.114432,0.447558,0.548516,0.288788,0.316535,0.140902
county,2024,acs1,25011,"Franklin County, Massachusetts",25,011,70871,31990,74547,43123,69550,6322,34626,34626,31990,2636,31990,23000,8990,355400,1112,23000,13480,9520,1900,808,8990,410,1385,1022,2099,13480,1255,656,637,1987,,652,6128,1865,506,1563,49,49,652,651,652,1141,1171,15074,59,1141,1123,989,93,57,1171,285,633,570,727,1123,498,370,323,654,0.090899,0.718975,0.281025,2636,0.076128,1863.67,0.596671,0.586087,1.019491,0.433552,0.546830,0.233482,0.336424,0.147404
county,2024,acs1,25013,"Hampden County, Massachusetts",25,013,464151,184235,71402,38309,453216,73796,198044,198044,184235,13809,184235,117016,67219,331300,1158,117016,74055,42961,2038,841,67219,4894,3180,7422,18389,74055,5200,3366,4810,10761,,2421,4274,1121,836,7174,123,123,2421,2425,2421,4057,3454,6882,52,4057,4017,3002,64,32,3454,1388,1003,1938,3075,4017,1331,1083,1580,1998,0.162827,0.635145,0.364855,13809,0.069727,1785.05,0.648721,0.632862,1.141705,0.471135,0.504099,0.273568,0.325933,0.145311
county,2024,acs1,25015,"Hampshire County, Massachusetts",25,015,165399,63886,81732,43603,141460,17177,67378,67378,63886,3492,63886,42409,21477,413400,1425,42409,23371,19038,2158,967,21477,2560,1007,2496,6463,23371,947,710,2363,2112,,1217,6643,1998,576,2543,142,142,1217,1243,1217,1762,2115,18321,65,1762,1900,1559,107,44,2115,1111,530,1182,1582,1900,402,362,915,834,0.121427,0.663823,0.336177,3492,0.051827,2043.30,0.697401,0.551086,1.056135,0.473254,0.583229,0.300927,0.262376,0.090368
county,2024,acs1,25017,"Middlesex County, Massachusetts",25,017,1668956,642129,133617,70054,1609237,126373,670331,670331,642129,28202,642129,387096,255033,759800,2257,387096,249970,137126,3236,1245,255033,23042,13773,19292,56193,249970,16025,12989,13463,25727,,3550,3961,1305,1300,9853,179,179,3550,3580,3550,6197,6314,14059,40,6197,6182,4348,49,28,6314,2614,2409,2841,4626,6182,2865,1896,2126,2901,0.078530,0.602832,0.397168,28202,0.042072,3340.42,0.675663,0.645757,0.968739,0.372707,0.440335,0.220336,0.272849,0.102920
county,2024,acs1,25021,"Norfolk County, Massachusetts",25,021,740754,285540,139076,72231,724785,45567,297840,297840,285540,12300,285540,197109,88431,722600,2168,197109,131291,65818,3275,1229,88431,7977,3390,8147,21297,131291,9890,4648,7845,13643,,2795,5101,2125,558,6487,151,151,2795,2796,2795,3931,4236,12840,64,3931,4691,3849,79,53,4236,1725,1039,2019,2510,4691,1616,1221,1693,1779,0.062870,0.690303,0.309697,12300,0.041297,3476.90,0.623544,0.666083,0.941931,0.353476,0.461501,0.240832,0.274398,0.103914
county,2024,acs1,25023,"Plymouth County, Massachusetts",25,023,542090,206821,113188,56057,532227,37552,220710,220710,206821,13889,206821,161294,45527,602600,1875,161294,110224,51070,2837,1107,45527,6041,1441,4107,11455,110224,9501,6107,6494,14593,,2701,5090,1737,704,5302,126,126,2701,2712,2701,4637,4025,11703,94,4637,4738,3868,70,45,4025,1776,554,1291,2019,4738,2001,1426,1878,2450,0.070556,0.779872,0.220128,13889,0.062929,2829.70,0.662614,0.683373,1.002580,0.391208,0.506161,0.251609,0.332913,0.132394
county,2024,acs1,25025,"Suffolk County, Massachusetts",25,025,793144,338198,97195,58355,746930,116261,363590,363590,338198,25392,338198,123429,214769,708600,2192,123429,87878,35551,2982,992,214769,25380,14198,19202,49188,87878,5083,3960,7628,12385,,3562,4527,1903,1592,10501,480,480,3562,3406,3562,4769,5956,16066,59,4769,4021,3310,107,70,5956,3432,2580,2431,4571,4021,1351,1114,1687,2249,0.155652,0.364961,0.635039,25392,0.069837,2429.88,0.902104,0.711972,1.227224,0.408251,0.502717,0.229027,0.330640,0.140934
county,2024,acs1,25027,"Worcester County, Massachusetts",25,027,881248,340956,96602,48350,854568,81653,358354,358354,340956,17398,340956,223324,117632,465500,1563,223324,149749,73575,2432,995,117632,13340,7145,8379,31043,149749,11767,8134,7999,16932,,2577,3484,1231,1182,8641,87,87,2577,2592,2577,4903,5097,6870,67,4903,6052,4410,38,30,5097,2432,1612,1606,3837,6052,1883,1856,1837,2400,0.095549,0.654994,0.345006,17398,0.048550,2415.05,0.647192,0.670546,1.007018,0.412000,0.509275,0.263899,0.299381,0.113069
